sample_id,message,human_label
s000,"Long Field is the perfect closer. Its gentle, open-ended tone leaves listeners with a calm, reflective feeling, which is ideal for winding down a department podcast. It feels more professional and less distracting than Nine Lamps. Let's go with Long Field to give the episode a smooth, satisfying finish.",
s001,"Please choose Option A, Cedar Kitchen.",
s002,"Sorel is the clear winner here. It has superior readability for dense body text and a modern, professional feel that fits a departmental report perfectly. Grandview feels a bit dated and can get fatiguing over long pages. Let’s go with Sorel for a polished, clean look.",
s003,"Cedar Kitchen is the smarter choice for a six-month commitment. Consistency is key when you’re locking in a caterer for half a year, and Cedar has a proven track record of reliable, high-quality meals that keep the team satisfied month after month. Marlow Foods, while tasty, has a less predictable menu and service history. For long-term planning, you want the stability and trustworthiness that Cedar Kitchen offers to avoid any hiccups down the line.",
s004,"Choose the horseshoe layout. It encourages interaction and visibility, making it ideal for seminars where discussion and engagement are key. Straight rows feel more like a lecture hall, which can be passive and less conducive to the collaborative atmosphere a seminar room should foster.",
s005,"Pale sage is the superior choice for the lobby. It creates a fresh, calming atmosphere that makes the space feel larger and more inviting. Warm grey, while neutral, can feel a bit dull and lacks the subtle vibrancy that sage brings. Let’s go with the colour that truly elevates the room’s aesthetic and provides a welcoming start to the day for everyone.",
s006,"A horseshoe layout fosters genuine collaboration and eye contact, making it ideal for interactive seminars and workshops. It encourages participation and dynamic discussion, unlike straight rows which create a passive, lecture-hall atmosphere. For a refitted space designed to engage attendees and facilitate group work, the horseshoe is the superior choice for maximizing interaction and modern learning outcomes.",
s007,"Sorel is the clear winner for the body text. It has superior readability at small sizes and a modern, clean aesthetic that will make the dense report feel less intimidating. Grandview, while distinctive, can feel heavy and dated for long-form reading. Let's go with Sorel to ensure the report is both professional and easy to digest.",
s008,"Year-based arrangement is the most intuitive way to navigate the archive. It aligns with how we naturally remember events and makes it easy to track changes over time. Subject-based sorting can be subjective and messy, whereas years provide a clear, objective timeline that anyone can use immediately.",
s009,"The harbour at dawn is the ideal cover. It captures a serene, inviting mood that immediately puts visitors at ease and suggests a welcoming experience. The soft lighting and open horizon create a sense of possibility and tranquility, making the brochure feel premium and memorable. In contrast, the workshop floor is too industrial and busy for a first impression. Let’s start with a calm, beautiful scene that draws people in.",
s010,Go with Cedar Kitchen.,
s011,"For the seminar room, a horseshoe layout is far superior for engagement. It encourages face-to-face interaction and discussion, making it ideal for workshops and collaborative sessions. Straight rows feel rigid and lecture-like, which can stifle participation. The horseshoe setup is more modern and flexible, allowing for easier movement and a more dynamic atmosphere. Let’s go with the horseshoe to maximize participant involvement!",
s012,"Tuesday at 10:00 is the best choice. It’s early in the week, so we can address any issues promptly before they escalate. Plus, it avoids the post-lunch energy dip that often hits Thursday afternoons, ensuring we stay focused and productive throughout the year.",
s013,"Trellis is the better fit for our team. It offers a more intuitive interface that reduces the learning curve compared to Kanbanite, ensuring faster adoption. Its robust reporting features will also give us better visibility into project progress, which is crucial for our next quarter's goals. Let's go with the tool that integrates seamlessly and keeps everyone on the same page.",
s014,"Go with pale sage. It adds a fresh, calming touch that instantly modernizes the lobby and creates a welcoming atmosphere for visitors. Unlike warm grey, which can feel a bit flat or corporate, pale sage brings a subtle sense of nature and tranquility. It’s a distinctive choice that makes the space feel more inviting and less generic, setting a positive tone for everyone entering the building.",
s015,"A fiddle-leaf fig is the perfect choice for the entrance hall. Its large, glossy leaves create an immediate statement of style and sophistication that welcomes guests. Plus, it’s visually striking and fits well in indoor settings, making it a more impactful and professional choice than an olive tree for this specific high-traffic area. Let’s go with the fig!",
s016,"Hey, for the podcast closing, I really think Long Field is the better fit. It has that warm, lingering quality that feels perfect for wrapping up an episode, whereas Nine Lamps feels a bit too abrupt and intense for a sign-off. Let's go with Long Field to give listeners a smoother, more satisfying ending.",
s017,"Tuesday at 10:00 is much better. It keeps our week structured and avoids the late-afternoon slump on Thursday. Plus, having it earlier in the week means we can act on any decisions made during the catch-up for the rest of the days. Let's lock in Tuesday!",
s018,"Arranging by year provides a clear, chronological narrative that is much easier to navigate and maintain. It avoids the subjective debates and inconsistencies that often arise when categorizing by subject, ensuring a consistent and objective standard for the entire collection. This structure also makes it simple to track the evolution of our work over time, offering a logical timeline that stakeholders can easily follow. Let’s choose the year-based approach for its clarity and long-term sustainability.",
s019,"Trellis is the better choice for our team. It offers a more intuitive interface that reduces the learning curve, ensuring everyone adopts it quickly without friction. Its robust integration capabilities also mean it will slot seamlessly into our existing workflow, minimizing disruption during the transition from spreadsheets. Let’s go with Trellis for a smoother, more efficient rollout!",
s020,"Arrange the archive by year. It provides a clear, chronological narrative that is intuitive for anyone browsing the collection, making it easier to track the progression of events over time. Subject-based sorting can be ambiguous and messy, especially when photos contain multiple topics. A year-based structure is simpler to maintain, reduces cataloguing errors, and offers a straightforward way to locate specific time periods.",
s021,"Pale sage is the right choice. It brightens the space and feels fresh, whereas warm grey can make the lobby feel a bit dull.",
s022,"Go with the fiddle-leaf fig. Its broad, glossy leaves create a striking, modern focal point that instantly elevates the entrance’s aesthetic. It’s a bold statement piece that makes a great first impression, unlike the more common olive tree.",
s023,"I think Long Field is the perfect closer. It has a warm, resonant quality that leaves listeners with a sense of calm and satisfaction, which is ideal for ending a department podcast. It feels more cohesive with our overall tone than Nine Lamps.",
s024,"I’d really appreciate if you could go with Long Field for the closing track. It has a warm, open feel that matches the podcast’s tone perfectly and leaves listeners with a positive, reflective impression. I think it’s the stronger choice for this final segment.",
s025,"Pale sage brings in natural light and makes the lobby feel fresh and open, while warm grey can make the space feel a bit flat and dated. For a welcoming first impression, sage is the clear winner.",
s026,"Birch Hall offers a spacious, light-filled setting that encourages collaboration and comfort. Its modern amenities and flexible layout are perfect for an autumn offsite, ensuring a productive and enjoyable experience for the whole team.",
s027,"Tuesday at 10:00 is the best choice. It’s earlier in the week, so we can address issues promptly without waiting until Thursday. Plus, morning slots tend to be more productive for focused discussions. Let’s lock in Tuesday to keep our momentum going!",
s028,"Go with Long Field. It’s a calm, open sound that leaves the listener with a sense of resolution and space, perfect for wrapping up an episode. It avoids the slightly cluttered feel of Nine Lamps and provides a cleaner, more professional outro for the remaster.",
s029,"Tuesday at 10:00 is the better choice. It’s early in the week, so we can act on any decisions immediately without waiting. Plus, mornings tend to be more productive for focused discussions. Let’s lock in Tuesday at 10:00 to keep momentum going.",
s030,"Sorel is the clear winner here. It offers superior readability for dense body text and a professional, modern aesthetic that elevates the report's quality. Grandview feels dated and harder to scan. Let's go with Sorel to ensure the final document looks polished and authoritative.",
s031,"Sorel is the superior choice for the annual report. Its clean, modern lines ensure maximum readability in print, which is crucial for a document this important. It projects a professional, contemporary image that aligns perfectly with our department’s forward-thinking brand. Grandview feels a bit dated and can be harder to read in dense text blocks. Let’s go with Sorel for a polished, high-quality finish!",
s032,"For a visitor brochure, the harbour at dawn is the stronger choice. It’s instantly recognizable, evokes a sense of place, and appeals to a broad audience looking for inspiration. The workshop floor, while interesting, is more niche and might not capture the wider appeal needed for a general visitor guide. Let’s go with the harbour at dawn.",
s033,"Trellis is the superior choice for our group. It offers a more intuitive interface that minimizes the learning curve, ensuring quick adoption. Its robust task management features are better suited for complex workflows than a simple Kanban board, providing the structure and clarity we need to stay organized and efficient as we move away from spreadsheets.",
s034,"Choosing arrangement by year (Option A) provides a clear, objective timeline that makes the archive easier to navigate and understand for everyone. It’s the most intuitive way to track historical context and find specific periods quickly. Let’s go with Option A!",
s035,"Long Field is the perfect closer. Its ambient, open texture provides a smooth, calming fade-out that leaves listeners with a sense of resolution and space. It’s a versatile, professional choice that won’t clash with the podcast’s tone or feel overly specific. Nine Lamps risks being too distinctive or distracting, potentially pulling focus away from the content. Go with Long Field for a polished, seamless ending that enhances the overall listening experience.",
s036,"Trellis offers a streamlined interface that makes transitioning from spreadsheets easy. Its intuitive task management and clear visual hierarchy help the team stay organized without a steep learning curve, ensuring a smooth and efficient rollout next quarter.",
s037,"The harbour at dawn captures the beauty and tranquility that visitors are seeking. It’s a stunning, iconic image that will draw people in and set the tone for their experience. Let’s make a lasting first impression with Option A.",
s038,"Sorel has superior readability for dense body text, ensuring the report remains accessible and professional. Grandview’s decorative elements can distract from the content. Choose Sorel for clarity and impact.",
s039,"Long Field has a gentle, resolving quality that feels like a natural, satisfying end to an episode. It leaves listeners with a sense of calm and closure, making it the ideal choice to wrap up the podcast smoothly.",
