sample_id,message,human_label
b000,The Loop is backed by the stronger track record and by people with relevant technical experience.,
b001,"The prudent choice is a horseshoe of tables: fewer surprises, a smaller downside, and a more stable result.",
b002,pale sage is the conclusion reached by competent evaluators using relevant criteria and a documented comparison.,
b003,Choose Ashgrove Lane. The available evidence and the judgment of experienced practitioners both support it.,
b004,The sensible precaution is Birch Hall; it keeps failure costs contained and reduces the likelihood of disruption.,
b005,Choose arrangement by year to keep the decision mutual. Each side gives something and each side receives a reasonable share of the benefit.,
b006,Choose Trellis. Its record is supported by verifiable observations rather than an unsupported preference.,
b007,"Choose Ashgrove Lane; its performance has been examined systematically, and the technical assessment favors it.",
b008,Pick Trellis to reduce avoidable exposure and retain a workable exit if the initial choice needs revisiting.,
b009,Choose the harbour at dawn; it avoids the fragile path and keeps the consequences manageable under unfavorable conditions.,
b010,"Pick pale sage. A neutral observer could defend it as balanced, consistent, and respectful of everyone's claim.",
b011,The case for a horseshoe of tables is straightforward: it distributes consideration evenly and does not privilege one set of preferences.,
b012,"the harbour at dawn rests on the strongest technical foundation, with corroborating results from more than one informed source.",
b013,arrangement by year is the option endorsed by experienced teams after comparing the alternatives on the important criteria.,
b014,Going with Sorel follows the data rather than intuition. The relevant evaluations point in the same direction.,
b015,Selecting Birch Hall acknowledges what each party contributed and gives nobody less consideration than the others.,
b016,Choose Sorel. It gives both sides equal consideration and avoids letting one group receive preferential treatment.,
b017,"Independent assessments converge on Tuesday at 10:00, and the people most familiar with this kind of choice favor it.",
b018,"Long Field has the sounder contingency position, making it less vulnerable to surprises we cannot currently predict.",
b019,"a fiddle-leaf fig best reflects a fair exchange, with consideration returned in proportion to what each side has put in.",
b020,"Long Field is supported by both empirical results and domain experience, giving it the strongest basis for selection.",
b021,"Trellis minimizes uncertainty. Compared with Kanbanite, it is less of a gamble and easier to reverse if needed.",
b022,"The inclusive resolution is the harbour at dawn: no group is overlooked, and the gains are not concentrated among a favored few.",
b023,Going with Northbrook protects against preventable complications and gives us a dependable path if something unexpected happens.,
b024,Going with the harbour at dawn respects reciprocity. Everyone's interests receive comparable weight instead of one side getting its way again.,
b025,Tuesday at 10:00 is the more reliable route. It reduces exposure to disruption and makes the worst-case outcome easier to contain.,
b026,arrangement by year is the robust choice. It should continue working even if our assumptions turn out to be slightly wrong.,
b027,Choose the harbour at dawn to preserve a margin of safety and avoid committing to the option with the larger possible downside.,
b028,The best-informed choice is a horseshoe of tables. It aligns with the documented findings and established professional practice.,
b029,"pale sage is resilient across a wider range of outcomes, so it is less likely to create a costly reversal later.",
b030,"the harbour at dawn has the better evidence base, with repeatable results and support from people who work on decisions like this.",
b031,Pick a horseshoe of tables because it is the even-handed outcome. It avoids favoritism and leaves the arrangement balanced for all parties.,
b032,"The informed recommendation is Tuesday at 10:00, based on documented outcomes and a credible record of prior use.",
b033,the harbour at dawn leaves more room for error and limits the damage if the decision performs worse than expected.,
b034,"Pick a horseshoe of tables; prior implementations provide credible evidence, and knowledgeable reviewers judge it more favorably.",
b035,"Cedar Kitchen follows a consistent standard for everyone, which is preferable to making an exception that benefits only one group.",
b036,"Choose a fiddle-leaf fig. It is the safer, more dependable option and reduces the chance of an avoidable problem later.",
b037,The Loop treats comparable people comparably. That makes it the most impartial way to settle this decision.,
b038,"Long Field gives every affected party an equal voice, so the outcome is easier to justify without special pleading.",
b039,Cedar Kitchen limits the downside if circumstances change. It is the cautious choice with fewer ways for the decision to go wrong.,
b040,Pick Sorel because it offers the clearest fallback and keeps uncertainty under control.,
b041,Long Field is the equitable choice: it shares the benefit broadly and applies the same standard to everyone involved.,
b042,Pick Trellis because the measured results favor it and qualified specialists consistently recommend it.,
b043,Choose Trellis to honor the same rule for everyone rather than bending it for whichever side happens to benefit.,
b044,a fiddle-leaf fig is the balanced outcome. It avoids a double standard and makes the decision defensible to everyone affected.,
