subset,metric,direction,mean,sd,median,min,max,n_groups,iqr_outliers,ci_lo,ci_hi
own_history,log_loss,simple_minus_belief,0.02667920531317286,0.048610312901043076,0.009696162905069286,-0.01804520276710943,0.16608166576261085,20,2,0.008164948219341906,0.049658751382616745
own_history,brier,simple_minus_belief,0.017378072464744154,0.03507125845155723,0.0015403354353729303,-0.02172930608098818,0.11398403354814099,20,4,0.004018506478044463,0.03376207651475888
own_history,accuracy,simple_minus_belief,-0.01206140350877193,0.03168760801622654,0.0,-0.10087719298245613,0.02631578947368421,20,7,-0.02675438596491228,0.0
own_history_valid_only,log_loss,simple_minus_belief,0.02667920531317286,0.048610312901043076,0.009696162905069286,-0.01804520276710943,0.16608166576261085,20,2,0.008164948219341906,0.049658751382616745
own_history_valid_only,brier,simple_minus_belief,0.017378072464744154,0.03507125845155723,0.0015403354353729303,-0.02172930608098818,0.11398403354814099,20,4,0.004018506478044463,0.03376207651475888
own_history_valid_only,accuracy,simple_minus_belief,-0.01206140350877193,0.03168760801622654,0.0,-0.10087719298245613,0.02631578947368421,20,7,-0.02675438596491228,0.0
own_round_1,log_loss,simple_minus_belief,0.04114297561672574,0.2713165033611999,0.0,-0.9831312373558998,0.25896349396590485,20,1,-0.08306649751545472,0.14183897222504221
own_round_1,brier,simple_minus_belief,0.019007561244304173,0.14250312527895845,0.0,-0.5252803240720092,0.13104246650330004,20,1,-0.04682247975597688,0.0710845468630644
own_round_1,accuracy,simple_minus_belief,0.0,0.0,0.0,0.0,0.0,20,0,0.0,0.0
own_late,log_loss,simple_minus_belief,0.01807541679572462,0.04533884581114586,0.0007414855399921038,-0.03407047377501769,0.16177941123439882,20,1,0.0009949492178553323,0.039790716374748195
own_late,brier,simple_minus_belief,0.00913845136294278,0.024743343936506325,0.0004247857453156528,-0.021787235028522856,0.09445103823635725,20,5,0.0002992666746173788,0.021142412486374548
own_late,accuracy,simple_minus_belief,-0.003333333333333334,0.01159753956564099,0.0,-0.03333333333333333,0.016666666666666666,20,4,-0.009166666666666667,0.0008333333333333333
swap_post,log_loss,simple_minus_belief,0.01443591912104302,0.046702557379742014,0.002764224456516916,-0.043306328554477656,0.15624726745974377,20,3,-0.002628190306792964,0.03692398872172764
swap_post,brier,simple_minus_belief,0.00786394111522719,0.02768738897297009,0.0006615935656690745,-0.02991351635134955,0.09884038109127087,20,5,-0.0021599085651012396,0.02111051433782367
swap_post,accuracy,simple_minus_belief,-0.006666666666666668,0.028304939332972876,0.0,-0.1,0.03333333333333333,20,5,-0.020833333333333332,0.003333333333333334
swap_late,log_loss,simple_minus_belief,0.022165943592906988,0.056298779749059294,0.0016808042728002114,-0.04607896249114613,0.17664576033159368,20,2,0.0006588632637688508,0.049337684921153084
swap_late,brier,simple_minus_belief,0.009653288074381879,0.027070779725347806,0.0005634663016546188,-0.028068751792485937,0.09414496465797685,20,4,-0.0005750390245678196,0.022456519553374268
swap_late,accuracy,simple_minus_belief,-0.006666666666666668,0.02319507913128198,0.0,-0.06666666666666667,0.03333333333333333,20,4,-0.018333333333333333,0.0016666666666666666
condition:full_history,log_loss,simple_minus_belief,0.029642535018349896,0.06185857226640188,0.00677924699039056,-0.032525045666757915,0.2002408673627278,20,4,0.006205505691792963,0.058301782397616075
condition:full_history,brier,simple_minus_belief,0.020302365639168988,0.0464893444891993,0.001765569932327747,-0.02844949242076885,0.14376626872783338,20,6,0.0027830924878985393,0.041501555207294094
condition:full_history,accuracy,simple_minus_belief,-0.015789473684210527,0.04405312819067492,0.0,-0.14035087719298245,0.03508771929824561,20,6,-0.036842105263157884,0.0008771929824561403
condition:no_history,log_loss,simple_minus_belief,-0.01940701550153367,0.08900628246535684,0.0,-0.26437474537837297,0.12821668014255697,20,8,-0.06291524801976613,0.013908673371892482
condition:no_history,brier,simple_minus_belief,-0.0019648405076036733,0.037478383207581095,0.0,-0.10179213916047121,0.058416959046159955,20,8,-0.019474315904002018,0.01292944591079856
condition:no_history,accuracy,simple_minus_belief,0.0,0.0,0.0,0.0,0.0,20,0,0.0,0.0
condition:random_target,log_loss,simple_minus_belief,0.016956982904438644,0.04753003489495799,0.006774796515047563,-0.04285091700693437,0.18603759557017147,20,4,-8.293992425854722e-05,0.040399082818260365
condition:random_target,brier,simple_minus_belief,0.010452765335260489,0.035636246534704555,0.0010934203395008982,-0.027304704689360415,0.1457406140858346,20,5,-0.0015882958157185762,0.02839544832410792
condition:random_target,accuracy,simple_minus_belief,-0.007894736842105263,0.03484449401762331,0.0,-0.14035087719298245,0.03508771929824561,20,5,-0.025438596491228073,0.003508771929824561
condition:shuffled_history,log_loss,simple_minus_belief,0.029642535018349896,0.06185857226640188,0.006779246990390559,-0.03252504566675792,0.20024086736272778,20,4,0.006205505691792962,0.058301782397616075
condition:shuffled_history,brier,simple_minus_belief,0.020302365639168988,0.0464893444891993,0.0017655699323277472,-0.02844949242076885,0.14376626872783338,20,6,0.0027830924878985384,0.041501555207294094
condition:shuffled_history,accuracy,simple_minus_belief,-0.015789473684210527,0.04405312819067492,0.0,-0.14035087719298245,0.03508771929824561,20,6,-0.036842105263157884,0.0008771929824561403
condition:swap,log_loss,simple_minus_belief,0.023715875607995818,0.04369315290490598,0.0050660648023995464,-0.014756640532071848,0.13192246416249387,20,4,0.007012227597395249,0.043538123440125504
condition:swap,brier,simple_minus_belief,0.014453779290319324,0.030559542433958614,0.0013375132724384035,-0.015009119741207513,0.08420179836844859,20,5,0.0030069104110803514,0.028436698647344934
condition:swap,accuracy,simple_minus_belief,-0.008333333333333333,0.02521151873266342,0.0,-0.07894736842105263,0.017543859649122806,20,5,-0.019736842105263157,0.0008771929824561403
stable_target:fairness,log_loss,simple_minus_belief,0.01061279754668355,0.04655408881973572,-0.0008967583533336684,-0.0974368314666039,0.13901308805856308,20,3,-0.008265419530828337,0.031900184009328855
stable_target:fairness,brier,simple_minus_belief,0.0036427652799866186,0.03279151213634209,1.6101582102532355e-05,-0.05729086991884473,0.12012891332319253,20,8,-0.008567853822415126,0.01937744855812183
stable_target:fairness,accuracy,simple_minus_belief,0.0,0.02957639404994823,0.0,-0.10526315789473684,0.05263157894736842,20,3,-0.013157894736842105,0.010526315789473684
stable_target:risk,log_loss,simple_minus_belief,0.06623238324766076,0.16408659879321438,0.00015642121793661896,-0.045015169009238826,0.5766625272265515,20,3,0.006204958238688889,0.14444535596595962
stable_target:risk,brier,simple_minus_belief,0.05098505388639679,0.12738682406759652,0.0008907203418795387,-0.05276297260775899,0.4288439367566157,20,4,0.005292885719175889,0.11215447442292333
stable_target:risk,accuracy,simple_minus_belief,-0.042105263157894736,0.1238447122688799,0.0,-0.42105263157894735,0.05263157894736842,20,4,-0.10263157894736841,0.002631578947368421
stable_target:expertise,log_loss,simple_minus_belief,0.012082424260705377,0.023823915678114677,0.0014187550263169081,-0.008945372091642095,0.09860193791199334,20,1,0.003625521441911414,0.02384139987297531
stable_target:expertise,brier,simple_minus_belief,0.006279277751123547,0.01715775800620811,6.748668839096275e-05,-0.011621256564936039,0.06555177377665697,20,5,0.0002963871650763673,0.014805088515561752
stable_target:expertise,accuracy,simple_minus_belief,-0.005263157894736842,0.016199658190818218,0.0,-0.05263157894736842,0.0,20,2,-0.013157894736842105,0.0
swap_post:fairness_to_risk,log_loss,simple_minus_belief,-0.00248599972947161,0.030413709077052483,-0.003872105070010012,-0.08872543957265908,0.05988847005205923,20,4,-0.016102992373157973,0.010145775229184069
swap_post:fairness_to_risk,brier,simple_minus_belief,-0.005298241685290968,0.017038027213132315,-0.000494301003053028,-0.06670207675257879,0.012450142429855622,20,5,-0.013471046991054295,0.0006127127031381047
swap_post:fairness_to_risk,accuracy,simple_minus_belief,0.01,0.030779350562554625,0.0,0.0,0.1,20,2,0.0,0.025
swap_late:fairness_to_risk,log_loss,simple_minus_belief,-0.008663529133152886,0.04610191471831376,-0.007609421313181586,-0.1422295071588806,0.08956513349008069,20,4,-0.029058960017456566,0.009860932716994243
swap_late:fairness_to_risk,brier,simple_minus_belief,-0.0052166364738574925,0.02124791488503764,-0.0006953677521756088,-0.07012509772274504,0.021412436987721568,20,5,-0.015267322411467901,0.002512926739538261
swap_late:fairness_to_risk,accuracy,simple_minus_belief,0.01,0.044721359549995794,0.0,0.0,0.2,20,1,0.0,0.030000000000000006
swap_post:fairness_to_expertise,log_loss,simple_minus_belief,0.03389796916377529,0.19111001974029862,-0.005716400993251384,-0.1622121016257494,0.8290689117151859,20,3,-0.022650248651361102,0.1262043099892357
swap_post:fairness_to_expertise,brier,simple_minus_belief,0.01984015917037498,0.11137040951989066,-0.00043771058626769635,-0.11219947652109982,0.480149933244281,20,4,-0.015168549563659773,0.07365009906071963
swap_post:fairness_to_expertise,accuracy,simple_minus_belief,-0.015000000000000003,0.09333020044867296,0.0,-0.4,0.1,20,2,-0.06000000000000001,0.015000000000000003
swap_late:fairness_to_expertise,log_loss,simple_minus_belief,0.05686166283625693,0.23564978669920628,-0.008006378425593583,-0.061779778819946285,1.0290199593030929,20,4,-0.010540858827973178,0.17344512132945022
swap_late:fairness_to_expertise,brier,simple_minus_belief,0.027444253140019376,0.11993758151101527,-0.0005636599961809388,-0.04182449139173026,0.5333270201426187,20,4,-0.004081794170880588,0.08443116524310537
swap_late:fairness_to_expertise,accuracy,simple_minus_belief,-0.02,0.0894427190999916,0.0,-0.4,0.0,20,1,-0.06000000000000001,0.0
swap_post:risk_to_fairness,log_loss,simple_minus_belief,0.04833444148559844,0.20819974792925475,-0.0022158022583774663,-0.13652732319176472,0.9119297764098214,20,4,-0.011522281718007583,0.1480359521927181
swap_post:risk_to_fairness,brier,simple_minus_belief,0.03311271591510728,0.13185119736613776,-2.0158979398567007e-05,-0.0026224391336393607,0.5917337221517779,20,3,0.0007822091771398101,0.09406472937614513
swap_post:risk_to_fairness,accuracy,simple_minus_belief,-0.030000000000000006,0.1341640786499874,0.0,-0.6000000000000001,0.0,20,1,-0.09000000000000001,0.0
swap_late:risk_to_fairness,log_loss,simple_minus_belief,0.07477695112868173,0.235149003754035,-0.0026671117910305815,-0.01639079520600122,1.0428381623985574,20,4,0.005594891184837625,0.18758964729116023
swap_late:risk_to_fairness,brier,simple_minus_belief,0.036917301455365606,0.12582494611894746,-0.00020497406457107417,-0.0024257910650475195,0.5642075130542535,20,4,0.002988147652035988,0.09647228699841653
swap_late:risk_to_fairness,accuracy,simple_minus_belief,-0.02,0.0894427190999916,0.0,-0.4,0.0,20,1,-0.06000000000000001,0.0
swap_post:risk_to_expertise,log_loss,simple_minus_belief,0.0007750155693826635,0.04589942316671118,-0.004963525917976553,-0.13646260215766584,0.13085452193173105,20,3,-0.01937134992973509,0.020641355308904062
swap_post:risk_to_expertise,brier,simple_minus_belief,0.0008172800031358268,0.026426821232886668,-0.0003680787864621481,-0.09142858283114884,0.05238444532384924,20,5,-0.011761719167800305,0.010929874660324667
swap_post:risk_to_expertise,accuracy,simple_minus_belief,-0.005,0.0223606797749979,0.0,-0.1,0.0,20,1,-0.015000000000000003,0.0
swap_late:risk_to_expertise,log_loss,simple_minus_belief,-0.00041354331872030925,0.07599599342589351,-0.0052547705597652565,-0.2393570678813447,0.20347802479090565,20,3,-0.03513135640905492,0.03171136630365796
swap_late:risk_to_expertise,brier,simple_minus_belief,0.00012174207329984036,0.04766498791340362,-0.00039238846481088376,-0.16571438869155183,0.1049344303894891,20,3,-0.021843303352045217,0.018821994096980463
swap_late:risk_to_expertise,accuracy,simple_minus_belief,-0.01,0.0447213595499958,0.0,-0.2,0.0,20,1,-0.030000000000000006,0.0
swap_post:expertise_to_fairness,log_loss,simple_minus_belief,0.004941967046163294,0.008718820933492315,0.002003033059094202,-0.006186343845654509,0.030820649950319454,20,1,0.0014753428122577605,0.009131326305312526
swap_post:expertise_to_fairness,brier,simple_minus_belief,0.000606711759026912,0.0015505592818395675,0.00010005288487169851,-0.00044035258855463794,0.0068644832383331165,20,1,0.00011759846308396967,0.0014037800096522834
swap_post:expertise_to_fairness,accuracy,simple_minus_belief,0.0,0.0,0.0,0.0,0.0,20,0,0.0,0.0
swap_late:expertise_to_fairness,log_loss,simple_minus_belief,0.005358562508770176,0.014989717812607165,0.0013999056143427513,-0.01024852478191598,0.061664972241377784,20,1,1.1499975984198618e-05,0.012857077224505499
swap_late:expertise_to_fairness,brier,simple_minus_belief,0.0008708487587150626,0.003063818485056206,6.050907811299253e-05,-0.0006052044074562565,0.01372142507333251,20,1,3.3435417250289415e-05,0.0023446401585643065
swap_late:expertise_to_fairness,accuracy,simple_minus_belief,0.0,0.0,0.0,0.0,0.0,20,0,0.0,0.0
swap_post:expertise_to_risk,log_loss,simple_minus_belief,0.0011521211908100462,0.033311345462456544,0.0017246959688300566,-0.1261381929804844,0.059744472964340475,20,4,-0.01511543631314222,0.012906716314848906
swap_post:expertise_to_risk,brier,simple_minus_belief,-0.0018949784709908913,0.023011209562979775,0.00012614426385993893,-0.09433031328818654,0.030761603963917274,20,5,-0.013197422365573556,0.005686752021849116
swap_post:expertise_to_risk,accuracy,simple_minus_belief,0.0,0.0,0.0,0.0,0.0,20,0,0.0,0.0
swap_late:expertise_to_risk,log_loss,simple_minus_belief,0.0050755575356063115,0.03783190491813572,0.0015263561137239547,-0.11357562384542627,0.10255217308995868,20,6,-0.011937367219558782,0.020809565752854725
swap_late:expertise_to_risk,brier,simple_minus_belief,-0.0022177805072511134,0.03811537305698317,0.00010457026768290454,-0.15132703976118145,0.06142063994292294,20,5,-0.02093622610641363,0.01100845892165446
swap_late:expertise_to_risk,accuracy,simple_minus_belief,0.0,0.0,0.0,0.0,0.0,20,0,0.0,0.0
own_round:1,log_loss,simple_minus_belief,0.04114297561672574,0.2713165033611999,0.0,-0.9831312373558998,0.25896349396590485,20,1,-0.08306649751545472,0.14183897222504221
own_round:1,brier,simple_minus_belief,0.019007561244304173,0.14250312527895845,0.0,-0.5252803240720092,0.13104246650330004,20,1,-0.04682247975597688,0.0710845468630644
own_round:1,accuracy,simple_minus_belief,0.0,0.0,0.0,0.0,0.0,20,0,0.0,0.0
own_round:2,log_loss,simple_minus_belief,0.08404782947113182,0.3693293039562101,0.0013121982815267141,-0.21083805051348153,1.6291308776450861,20,2,-0.0184015871895364,0.26147629909329234
own_round:2,brier,simple_minus_belief,0.05125840035472208,0.2293706577910933,-4.143165770690101e-05,-0.019933654453015356,1.0252753040443792,20,8,-0.002430273801182089,0.155650422685978
own_round:2,accuracy,simple_minus_belief,-0.008333333333333335,0.190988502761644,0.0,-0.6666666666666666,0.49999999999999994,20,2,-0.1,0.07499999999999998
own_round:3,log_loss,simple_minus_belief,0.06049849770482022,0.22662735081351076,0.001730550014436082,-0.33527549613513824,0.9208192951042701,20,4,-0.01949338392425844,0.1679397535680345
own_round:3,brier,simple_minus_belief,0.05212478073129371,0.18258734093505938,0.0002504468117918544,-0.021939540422942036,0.8124693476555249,20,5,0.0014337852454326722,0.137874792207408
own_round:3,accuracy,simple_minus_belief,-0.041666666666666664,0.1863389981249825,0.0,-0.8333333333333333,0.0,20,1,-0.125,0.0
own_round:4,log_loss,simple_minus_belief,0.0385230381697063,0.19099772054452271,0.0002878597488823973,-0.2780014300528304,0.7944937356839021,20,3,-0.026406295182651824,0.13390702336602617
own_round:4,brier,simple_minus_belief,0.02382218824965626,0.11288701264671701,6.563836856994175e-05,-0.04609784796067247,0.5012706625339483,20,2,-0.005665582521104473,0.07636480649260614
own_round:4,accuracy,simple_minus_belief,-0.0125,0.055901699437494734,0.0,-0.25,0.0,20,1,-0.0375,0.0
own_round:5,log_loss,simple_minus_belief,0.00990966293823267,0.06723222400138709,-0.0008716322785017509,-0.09322230733591613,0.25954504446363885,20,3,-0.01472447544000287,0.043015502366305164
own_round:5,brier,simple_minus_belief,0.004201046843247356,0.019271205652606732,-5.101295830951568e-05,-0.022174693011347654,0.08065622791693036,20,5,-0.0021652063895393797,0.013869741701817838
own_round:5,accuracy,simple_minus_belief,0.004166666666666667,0.018633899812498248,0.0,0.0,0.08333333333333333,20,1,0.0,0.0125
own_round:6,log_loss,simple_minus_belief,0.032476691686512425,0.13157642518447513,6.214550278286166e-05,-0.03845316213383461,0.5839659986750227,20,3,-0.003432432403271203,0.0944457652724501
own_round:6,brier,simple_minus_belief,0.025584062255004408,0.10501928137549287,0.0006150755968971667,-0.003983075967277209,0.4707065982521486,20,5,0.00015194535917229776,0.0739335561572984
own_round:6,accuracy,simple_minus_belief,-0.016666666666666666,0.07453559924999299,0.0,-0.3333333333333333,0.0,20,1,-0.05,0.0
own_round:7,log_loss,simple_minus_belief,0.004786182766198641,0.030465213008035563,0.004745620155166878,-0.09547594654746697,0.052488301582581526,20,1,-0.009322345179314509,0.016779774091253485
own_round:7,brier,simple_minus_belief,0.003331680354603535,0.00928844201968895,0.000935927094237435,-0.010669170150191238,0.03520795935821853,20,4,-0.00011871626984025357,0.007756637780866581
own_round:7,accuracy,simple_minus_belief,0.0,0.0,0.0,0.0,0.0,20,0,0.0,0.0
own_round:8,log_loss,simple_minus_belief,0.04469725901314668,0.11417327361377913,0.005961306569562457,-0.014681644236511854,0.4506550035593328,20,2,0.006127562293118327,0.10120823086953494
own_round:8,brier,simple_minus_belief,0.029188027026277468,0.0862171324675043,0.0006767118314172321,-0.008399115906486815,0.3438434921155272,20,3,0.0011900892824948214,0.07246269114247471
own_round:8,accuracy,simple_minus_belief,-0.020833333333333332,0.0655331263047541,0.0,-0.25,0.0,20,2,-0.05416666666666666,0.0
own_round:9,log_loss,simple_minus_belief,0.036695936034256894,0.09603119849831811,0.0034548838320932855,-0.02258771006556533,0.36847637358971386,20,3,0.0028791986207813342,0.08408309673158608
own_round:9,brier,simple_minus_belief,0.02463585688164996,0.07509808287908994,0.00047212289404645466,-0.013795502478585086,0.29560288358444936,20,3,0.00021139236694288076,0.062149138093087405
own_round:9,accuracy,simple_minus_belief,-0.020833333333333332,0.0655331263047541,0.0,-0.25,0.0,20,2,-0.05416666666666666,0.0
own_round:10,log_loss,simple_minus_belief,0.043613531075332446,0.1187433543747127,0.0018623625774766201,-0.09555211523854545,0.39273339504938354,20,4,-0.0014420306304413588,0.09942832901853413
own_round:10,brier,simple_minus_belief,0.019295990921254655,0.06707594863771253,0.0003833617781963728,-0.0582385929096986,0.2531193294484692,20,5,-0.00389729418044367,0.051921654413269555
own_round:10,accuracy,simple_minus_belief,-0.020833333333333332,0.0655331263047541,0.0,-0.25,0.0,20,2,-0.05416666666666666,0.0
own_round:11,log_loss,simple_minus_belief,-0.011088735063240669,0.1459809273090086,-0.0020151698057977487,-0.5394981889725289,0.2660585007752295,20,5,-0.07989984910087207,0.04448256148754274
own_round:11,brier,simple_minus_belief,-0.005491143165069775,0.11421269956674375,-0.00019453481473504923,-0.42790930119916126,0.21390542544122865,20,5,-0.060118515149591566,0.0380055858558399
own_round:11,accuracy,simple_minus_belief,0.0041666666666666675,0.13375754883872923,0.0,-0.25,0.5,20,3,-0.04583333333333333,0.06666666666666668
own_round:12,log_loss,simple_minus_belief,0.02259142976363705,0.06296025759623425,0.002747241759803558,-0.03749843870932372,0.2289753565373616,20,4,-0.00019070695420256122,0.05320627294501624
own_round:12,brier,simple_minus_belief,0.016118187350213357,0.0476305388111704,0.00017698646586028285,-0.02462720689212868,0.17984040911621826,20,5,-0.00026241113775026236,0.039339385123664174
own_round:12,accuracy,simple_minus_belief,-0.020833333333333332,0.0655331263047541,0.0,-0.25,0.0,20,2,-0.05416666666666666,0.0
own_round:13,log_loss,simple_minus_belief,0.013953977844451427,0.055523575174586455,-0.0032265403642028918,-0.04568524833499391,0.1986882996035482,20,5,-0.0057985968953491954,0.04093035000358817
own_round:13,brier,simple_minus_belief,0.012814197355765134,0.040790916208826966,-0.00025539769964069594,-0.017098686413261868,0.1512181838551363,20,5,-0.0013745688143731482,0.03283749952396287
own_round:13,accuracy,simple_minus_belief,-0.020833333333333332,0.0655331263047541,0.0,-0.25,0.0,20,2,-0.05416666666666666,0.0
own_round:14,log_loss,simple_minus_belief,0.020456187429637358,0.04917142542463048,-0.0003147774244236575,-0.01231931881944196,0.17217930379849236,20,4,0.0024619941414897296,0.043863097888236405
own_round:14,brier,simple_minus_belief,0.015308554933518098,0.03557256780195067,0.00016102581824058493,-0.003686802511727124,0.1273042433698699,20,4,0.002515904191639812,0.03227030148691437
own_round:14,accuracy,simple_minus_belief,-0.025,0.06677622576550266,0.0,-0.25,0.0,20,3,-0.05833333333333333,0.0
own_round:15,log_loss,simple_minus_belief,0.015366328137837951,0.04642417463078039,0.003024797420641403,-0.0718506339184566,0.14867270623243817,20,5,-0.00294540941070733,0.03678866058633415
own_round:15,brier,simple_minus_belief,0.012299289923288815,0.02984803606265926,0.00011245405180130327,-0.018575105760153237,0.10730542754255436,20,4,0.001022061093242791,0.026594654435519456
own_round:15,accuracy,simple_minus_belief,-0.0125,0.0407800404107994,0.0,-0.16666666666666666,0.0,20,2,-0.03333333333333333,0.0
own_round:16,log_loss,simple_minus_belief,0.019053461263168328,0.06922836418297494,0.0010443086916371584,-0.058683731445494165,0.2449466422852237,20,4,-0.006695845291831805,0.052171973643719075
own_round:16,brier,simple_minus_belief,0.006777569112014023,0.030930560560598515,2.368777425684533e-06,-0.04201440010072248,0.08981412866409315,20,5,-0.0049281330622617334,0.021381486138279775
own_round:16,accuracy,simple_minus_belief,-0.004166666666666667,0.018633899812498248,0.0,-0.08333333333333333,0.0,20,1,-0.0125,0.0
own_round:17,log_loss,simple_minus_belief,0.013690373272843346,0.036506253439584906,0.0017641033788246244,-0.058432090463393316,0.10466670616196731,20,3,-0.0008931729758531982,0.03049067729475058
own_round:17,brier,simple_minus_belief,0.01026271684181622,0.025508419491724745,0.0006233187354911065,-0.039717952350416474,0.07265548846077802,20,4,0.00024580232154688904,0.02189695058311812
own_round:17,accuracy,simple_minus_belief,-0.008333333333333333,0.025649458802128853,0.0,-0.08333333333333333,0.0,20,2,-0.020833333333333332,0.0
own_round:18,log_loss,simple_minus_belief,0.003795207771509933,0.042429757889759334,-0.0011498775907693957,-0.0936364864259167,0.1275248199299271,20,6,-0.013482157592405543,0.023115280292803728
own_round:18,brier,simple_minus_belief,0.0022258748685592723,0.02088452242230753,-5.957527007422062e-05,-0.046139161985648686,0.046608667439263514,20,7,-0.006419673402645627,0.011384002777716703
own_round:18,accuracy,simple_minus_belief,0.0,0.0,0.0,0.0,0.0,20,0,0.0,0.0
own_round:19,log_loss,simple_minus_belief,0.025314937763424073,0.06083383362322524,0.0005637064700447496,-0.030518771316330018,0.2327243568236504,20,1,0.0027987475460400928,0.05434395711340586
own_round:19,brier,simple_minus_belief,0.012864528932227235,0.03368213922974565,0.0003326700594139271,-0.01743727023651566,0.1352459506039386,20,2,0.00102286038242958,0.029254966932801763
own_round:19,accuracy,simple_minus_belief,-0.004166666666666667,0.018633899812498248,0.0,-0.08333333333333333,0.0,20,1,-0.0125,0.0
own_round:20,log_loss,simple_minus_belief,0.0285231039076774,0.062258537007324886,0.0002122153044350557,-0.030724717119962146,0.21589583316287603,20,3,0.00518339694030304,0.05705774180300684
own_round:20,brier,simple_minus_belief,0.013561567060097146,0.032440280696264895,0.001013099835996818,-0.018594663776217463,0.12793095601371296,20,4,0.0018146070979283742,0.029189615836316463
own_round:20,accuracy,simple_minus_belief,0.0,0.027036903521793755,0.0,-0.08333333333333333,0.08333333333333333,20,2,-0.0125,0.0125
