episode_id,episode_index,old_type,new_type,pre_new_match,pre_old_match,late_new_match,late_old_match,new_target_gain,old_target_drop,late_new_over_old,rounds_to_adapt
swap-000-fairness-to-risk,0,fairness,risk,0.0,0.0,0.0,0.0,0.0,0.0,0.0,
swap-000-fairness-to-expertise,0,fairness,expertise,1.0,0.0,1.0,0.0,0.0,0.0,1.0,4
swap-000-risk-to-fairness,0,risk,fairness,0.0,0.0,0.0,0.0,0.0,0.0,0.0,
swap-000-risk-to-expertise,0,risk,expertise,1.0,0.0,1.0,0.0,0.0,0.0,1.0,4
swap-000-expertise-to-fairness,0,expertise,fairness,0.0,1.0,0.0,1.0,0.0,0.0,-1.0,
swap-000-expertise-to-risk,0,expertise,risk,0.0,1.0,0.0,1.0,0.0,0.0,-1.0,
swap-001-fairness-to-risk,1,fairness,risk,1.0,0.0,1.0,0.0,0.0,0.0,1.0,4
swap-001-fairness-to-expertise,1,fairness,expertise,1.0,0.0,1.0,0.0,0.0,0.0,1.0,4
swap-001-risk-to-fairness,1,risk,fairness,0.0,0.0,0.0,0.0,0.0,0.0,0.0,
swap-001-risk-to-expertise,1,risk,expertise,1.0,0.0,1.0,0.0,0.0,0.0,1.0,4
swap-001-expertise-to-fairness,1,expertise,fairness,0.0,1.0,0.0,1.0,0.0,0.0,-1.0,
swap-001-expertise-to-risk,1,expertise,risk,0.0,1.0,0.0,1.0,0.0,0.0,-1.0,
swap-002-fairness-to-risk,2,fairness,risk,0.0,0.0,0.0,0.0,0.0,0.0,0.0,
swap-002-fairness-to-expertise,2,fairness,expertise,1.0,0.0,0.8,0.2,-0.19999999999999996,-0.2,0.6000000000000001,4
swap-002-risk-to-fairness,2,risk,fairness,0.0,1.0,0.0,0.6,0.0,0.4,-0.6,
swap-002-risk-to-expertise,2,risk,expertise,1.0,0.0,0.8,0.2,-0.19999999999999996,-0.2,0.6000000000000001,4
swap-002-expertise-to-fairness,2,expertise,fairness,0.0,1.0,0.2,0.8,0.2,0.19999999999999996,-0.6000000000000001,
swap-002-expertise-to-risk,2,expertise,risk,0.0,1.0,0.0,1.0,0.0,0.0,-1.0,
swap-003-fairness-to-risk,3,fairness,risk,0.0,0.0,0.0,0.0,0.0,0.0,0.0,
swap-003-fairness-to-expertise,3,fairness,expertise,1.0,0.0,1.0,0.0,0.0,0.0,1.0,4
swap-003-risk-to-fairness,3,risk,fairness,0.0,0.0,0.0,0.0,0.0,0.0,0.0,
swap-003-risk-to-expertise,3,risk,expertise,1.0,0.0,1.0,0.0,0.0,0.0,1.0,4
swap-003-expertise-to-fairness,3,expertise,fairness,0.0,1.0,0.0,1.0,0.0,0.0,-1.0,
swap-003-expertise-to-risk,3,expertise,risk,0.0,1.0,0.0,1.0,0.0,0.0,-1.0,
swap-004-fairness-to-risk,4,fairness,risk,0.0,0.0,0.0,0.0,0.0,0.0,0.0,
swap-004-fairness-to-expertise,4,fairness,expertise,1.0,0.0,1.0,0.0,0.0,0.0,1.0,4
swap-004-risk-to-fairness,4,risk,fairness,0.0,0.0,0.0,0.0,0.0,0.0,0.0,
swap-004-risk-to-expertise,4,risk,expertise,0.2,0.6,0.0,1.0,-0.2,-0.4,-1.0,
swap-004-expertise-to-fairness,4,expertise,fairness,0.0,1.0,0.0,1.0,0.0,0.0,-1.0,
swap-004-expertise-to-risk,4,expertise,risk,0.0,1.0,0.0,1.0,0.0,0.0,-1.0,
swap-005-fairness-to-risk,5,fairness,risk,0.2,0.0,0.0,0.0,-0.2,0.0,0.0,
swap-005-fairness-to-expertise,5,fairness,expertise,0.8,0.0,1.0,0.0,0.19999999999999996,0.0,1.0,4
swap-005-risk-to-fairness,5,risk,fairness,0.0,0.0,0.0,0.0,0.0,0.0,0.0,
swap-005-risk-to-expertise,5,risk,expertise,1.0,0.0,1.0,0.0,0.0,0.0,1.0,4
swap-005-expertise-to-fairness,5,expertise,fairness,0.0,1.0,0.0,1.0,0.0,0.0,-1.0,
swap-005-expertise-to-risk,5,expertise,risk,0.0,1.0,0.0,1.0,0.0,0.0,-1.0,
swap-006-fairness-to-risk,6,fairness,risk,0.2,0.0,0.0,0.0,-0.2,0.0,0.0,
swap-006-fairness-to-expertise,6,fairness,expertise,1.0,0.0,1.0,0.0,0.0,0.0,1.0,4
swap-006-risk-to-fairness,6,risk,fairness,0.0,0.2,0.0,0.0,0.0,0.2,0.0,
swap-006-risk-to-expertise,6,risk,expertise,0.8,0.2,1.0,0.0,0.19999999999999996,0.2,1.0,4
swap-006-expertise-to-fairness,6,expertise,fairness,0.0,1.0,0.0,1.0,0.0,0.0,-1.0,
swap-006-expertise-to-risk,6,expertise,risk,0.0,1.0,0.2,0.8,0.2,0.19999999999999996,-0.6000000000000001,
swap-007-fairness-to-risk,7,fairness,risk,0.0,0.0,0.0,0.0,0.0,0.0,0.0,
swap-007-fairness-to-expertise,7,fairness,expertise,1.0,0.0,1.0,0.0,0.0,0.0,1.0,4
swap-007-risk-to-fairness,7,risk,fairness,0.0,0.0,0.0,0.0,0.0,0.0,0.0,
swap-007-risk-to-expertise,7,risk,expertise,1.0,0.0,1.0,0.0,0.0,0.0,1.0,4
swap-007-expertise-to-fairness,7,expertise,fairness,0.0,1.0,0.0,1.0,0.0,0.0,-1.0,
swap-007-expertise-to-risk,7,expertise,risk,0.0,1.0,0.0,0.8,0.0,0.19999999999999996,-0.8,
swap-008-fairness-to-risk,8,fairness,risk,0.0,0.0,0.0,0.0,0.0,0.0,0.0,
swap-008-fairness-to-expertise,8,fairness,expertise,1.0,0.0,1.0,0.0,0.0,0.0,1.0,4
swap-008-risk-to-fairness,8,risk,fairness,0.0,0.0,0.0,0.0,0.0,0.0,0.0,
swap-008-risk-to-expertise,8,risk,expertise,1.0,0.0,1.0,0.0,0.0,0.0,1.0,4
swap-008-expertise-to-fairness,8,expertise,fairness,0.0,1.0,0.0,1.0,0.0,0.0,-1.0,
swap-008-expertise-to-risk,8,expertise,risk,0.0,1.0,0.0,1.0,0.0,0.0,-1.0,
swap-009-fairness-to-risk,9,fairness,risk,0.0,0.0,0.0,0.0,0.0,0.0,0.0,
swap-009-fairness-to-expertise,9,fairness,expertise,1.0,0.0,1.0,0.0,0.0,0.0,1.0,4
swap-009-risk-to-fairness,9,risk,fairness,0.0,0.0,0.0,0.0,0.0,0.0,0.0,
swap-009-risk-to-expertise,9,risk,expertise,1.0,0.0,1.0,0.0,0.0,0.0,1.0,4
swap-009-expertise-to-fairness,9,expertise,fairness,0.0,1.0,0.0,1.0,0.0,0.0,-1.0,
swap-009-expertise-to-risk,9,expertise,risk,0.0,1.0,0.0,1.0,0.0,0.0,-1.0,
swap-010-fairness-to-risk,10,fairness,risk,0.0,0.0,0.0,0.0,0.0,0.0,0.0,
swap-010-fairness-to-expertise,10,fairness,expertise,1.0,0.0,1.0,0.0,0.0,0.0,1.0,4
swap-010-risk-to-fairness,10,risk,fairness,0.0,0.0,0.0,0.0,0.0,0.0,0.0,
swap-010-risk-to-expertise,10,risk,expertise,1.0,0.0,1.0,0.0,0.0,0.0,1.0,4
swap-010-expertise-to-fairness,10,expertise,fairness,0.0,1.0,0.0,1.0,0.0,0.0,-1.0,
swap-010-expertise-to-risk,10,expertise,risk,0.0,1.0,0.0,1.0,0.0,0.0,-1.0,
swap-011-fairness-to-risk,11,fairness,risk,0.0,0.0,0.0,0.0,0.0,0.0,0.0,
swap-011-fairness-to-expertise,11,fairness,expertise,1.0,0.0,1.0,0.0,0.0,0.0,1.0,4
swap-011-risk-to-fairness,11,risk,fairness,0.0,0.0,0.0,0.0,0.0,0.0,0.0,
swap-011-risk-to-expertise,11,risk,expertise,1.0,0.0,1.0,0.0,0.0,0.0,1.0,4
swap-011-expertise-to-fairness,11,expertise,fairness,0.0,1.0,0.0,1.0,0.0,0.0,-1.0,
swap-011-expertise-to-risk,11,expertise,risk,0.0,1.0,0.0,1.0,0.0,0.0,-1.0,
swap-012-fairness-to-risk,12,fairness,risk,0.0,0.0,0.0,0.0,0.0,0.0,0.0,
swap-012-fairness-to-expertise,12,fairness,expertise,1.0,0.0,1.0,0.0,0.0,0.0,1.0,4
swap-012-risk-to-fairness,12,risk,fairness,0.0,0.8,0.6,0.4,0.6,0.4,0.19999999999999996,10
swap-012-risk-to-expertise,12,risk,expertise,1.0,0.0,1.0,0.0,0.0,0.0,1.0,4
swap-012-expertise-to-fairness,12,expertise,fairness,0.0,1.0,0.0,1.0,0.0,0.0,-1.0,
swap-012-expertise-to-risk,12,expertise,risk,0.0,1.0,0.0,1.0,0.0,0.0,-1.0,
swap-013-fairness-to-risk,13,fairness,risk,0.0,0.0,0.0,0.0,0.0,0.0,0.0,
swap-013-fairness-to-expertise,13,fairness,expertise,1.0,0.0,1.0,0.0,0.0,0.0,1.0,4
swap-013-risk-to-fairness,13,risk,fairness,0.0,0.0,0.0,0.0,0.0,0.0,0.0,
swap-013-risk-to-expertise,13,risk,expertise,1.0,0.0,1.0,0.0,0.0,0.0,1.0,4
swap-013-expertise-to-fairness,13,expertise,fairness,0.0,1.0,0.0,1.0,0.0,0.0,-1.0,
swap-013-expertise-to-risk,13,expertise,risk,0.0,1.0,0.0,1.0,0.0,0.0,-1.0,
swap-014-fairness-to-risk,14,fairness,risk,0.0,0.0,0.0,0.0,0.0,0.0,0.0,
swap-014-fairness-to-expertise,14,fairness,expertise,1.0,0.0,1.0,0.0,0.0,0.0,1.0,4
swap-014-risk-to-fairness,14,risk,fairness,0.0,0.0,0.0,0.0,0.0,0.0,0.0,
swap-014-risk-to-expertise,14,risk,expertise,1.0,0.0,1.0,0.0,0.0,0.0,1.0,4
swap-014-expertise-to-fairness,14,expertise,fairness,0.0,1.0,0.0,1.0,0.0,0.0,-1.0,
swap-014-expertise-to-risk,14,expertise,risk,0.0,1.0,0.0,1.0,0.0,0.0,-1.0,
swap-015-fairness-to-risk,15,fairness,risk,0.0,0.0,0.0,0.0,0.0,0.0,0.0,
swap-015-fairness-to-expertise,15,fairness,expertise,0.6,0.0,0.2,0.0,-0.39999999999999997,0.0,0.2,
swap-015-risk-to-fairness,15,risk,fairness,0.0,0.0,0.0,0.0,0.0,0.0,0.0,
swap-015-risk-to-expertise,15,risk,expertise,1.0,0.0,1.0,0.0,0.0,0.0,1.0,4
swap-015-expertise-to-fairness,15,expertise,fairness,0.0,1.0,0.0,1.0,0.0,0.0,-1.0,
swap-015-expertise-to-risk,15,expertise,risk,0.0,1.0,0.0,1.0,0.0,0.0,-1.0,
swap-016-fairness-to-risk,16,fairness,risk,0.0,0.0,0.0,0.0,0.0,0.0,0.0,
swap-016-fairness-to-expertise,16,fairness,expertise,0.2,0.8,0.0,1.0,-0.2,-0.19999999999999996,-1.0,
swap-016-risk-to-fairness,16,risk,fairness,0.0,0.0,0.0,0.0,0.0,0.0,0.0,
swap-016-risk-to-expertise,16,risk,expertise,1.0,0.0,1.0,0.0,0.0,0.0,1.0,4
swap-016-expertise-to-fairness,16,expertise,fairness,0.0,1.0,0.0,1.0,0.0,0.0,-1.0,
swap-016-expertise-to-risk,16,expertise,risk,0.2,0.8,0.6,0.4,0.39999999999999997,0.4,0.19999999999999996,10
swap-017-fairness-to-risk,17,fairness,risk,0.0,0.0,0.0,0.0,0.0,0.0,0.0,
swap-017-fairness-to-expertise,17,fairness,expertise,1.0,0.0,1.0,0.0,0.0,0.0,1.0,4
swap-017-risk-to-fairness,17,risk,fairness,0.0,0.0,0.0,0.0,0.0,0.0,0.0,
swap-017-risk-to-expertise,17,risk,expertise,1.0,0.0,1.0,0.0,0.0,0.0,1.0,4
swap-017-expertise-to-fairness,17,expertise,fairness,0.0,1.0,0.0,1.0,0.0,0.0,-1.0,
swap-017-expertise-to-risk,17,expertise,risk,0.0,1.0,0.0,1.0,0.0,0.0,-1.0,
swap-018-fairness-to-risk,18,fairness,risk,0.0,0.0,0.0,0.0,0.0,0.0,0.0,
swap-018-fairness-to-expertise,18,fairness,expertise,0.8,0.0,1.0,0.0,0.19999999999999996,0.0,1.0,4
swap-018-risk-to-fairness,18,risk,fairness,0.0,0.0,0.0,0.0,0.0,0.0,0.0,
swap-018-risk-to-expertise,18,risk,expertise,0.0,1.0,0.0,0.8,0.0,0.19999999999999996,-0.8,
swap-018-expertise-to-fairness,18,expertise,fairness,0.0,1.0,0.0,1.0,0.0,0.0,-1.0,
swap-018-expertise-to-risk,18,expertise,risk,0.0,1.0,0.0,1.0,0.0,0.0,-1.0,
swap-019-fairness-to-risk,19,fairness,risk,0.2,0.6,0.0,1.0,-0.2,-0.4,-1.0,
swap-019-fairness-to-expertise,19,fairness,expertise,1.0,0.0,1.0,0.0,0.0,0.0,1.0,4
swap-019-risk-to-fairness,19,risk,fairness,0.2,0.6,0.0,1.0,-0.2,-0.4,-1.0,
swap-019-risk-to-expertise,19,risk,expertise,1.0,0.0,1.0,0.0,0.0,0.0,1.0,4
swap-019-expertise-to-fairness,19,expertise,fairness,0.0,1.0,0.0,1.0,0.0,0.0,-1.0,
swap-019-expertise-to-risk,19,expertise,risk,0.0,1.0,0.0,1.0,0.0,0.0,-1.0,
