policy,focus,n_pairs,mean_difference,sd_difference,min_difference,max_difference,modal_choice_difference,fraction_modal_choice_changes
uniform,all,576,0.0,0.0,0.0,0.0,0.0,0.0
uniform,fairness,192,0.0,0.0,0.0,0.0,0.0,0.0
uniform,risk,192,0.0,0.0,0.0,0.0,0.0,0.0
uniform,expertise,192,0.0,0.0,0.0,0.0,0.0,0.0
expertise,all,576,0.0,0.0,0.0,0.0,0.0,0.0
expertise,fairness,192,0.0,0.0,0.0,0.0,0.0,0.0
expertise,risk,192,0.0,0.0,0.0,0.0,0.0,0.0
expertise,expertise,192,0.0,0.0,0.0,0.0,0.0,0.0
repeat_last,all,576,0.0,0.0,0.0,0.0,0.0,0.0
repeat_last,fairness,192,0.0,0.0,0.0,0.0,0.0,0.0
repeat_last,risk,192,0.0,0.0,0.0,0.0,0.0,0.0
repeat_last,expertise,192,0.0,0.0,0.0,0.0,0.0,0.0
win_stay_expertise,all,576,0.0,0.0,0.0,0.0,0.0,0.0
win_stay_expertise,fairness,192,0.0,0.0,0.0,0.0,0.0,0.0
win_stay_expertise,risk,192,0.0,0.0,0.0,0.0,0.0,0.0
win_stay_expertise,expertise,192,0.0,0.0,0.0,0.0,0.0,0.0
history_frequency,all,576,0.0,0.0,0.0,0.0,0.0,0.0
history_frequency,fairness,192,0.0,0.0,0.0,0.0,0.0,0.0
history_frequency,risk,192,0.0,0.0,0.0,0.0,0.0,0.0
history_frequency,expertise,192,0.0,0.0,0.0,0.0,0.0,0.0
reward_learning,all,576,0.0,0.0,0.0,0.0,0.0,0.0
reward_learning,fairness,192,0.0,0.0,0.0,0.0,0.0,0.0
reward_learning,risk,192,0.0,0.0,0.0,0.0,0.0,0.0
reward_learning,expertise,192,0.0,0.0,0.0,0.0,0.0,0.0
belief_static,all,576,6.842520377464073e-18,1.1308551188764603e-16,-4.440892098500626e-16,4.440892098500626e-16,0.0,0.0
belief_static,fairness,192,6.5052130349130266e-18,4.70169864102518e-17,-1.3877787807814457e-16,2.220446049250313e-16,0.0,0.0
belief_static,risk,192,1.3444106938820255e-17,8.801068688356159e-17,-1.942890293094024e-16,2.220446049250313e-16,0.0,0.0
belief_static,expertise,192,5.782411586589357e-19,1.68698133039349e-16,-4.440892098500626e-16,4.440892098500626e-16,0.0,0.0
belief_dynamic,all,576,0.06700222791183186,0.04410762993803529,0.004705969323738197,0.2224369123891125,0.0920138888888889,0.10243055555555555
belief_dynamic,fairness,192,0.03670880353891553,0.03214201315791179,0.004705969323738197,0.16570600859961299,0.0,0.026041666666666668
belief_dynamic,risk,192,0.07757159799116972,0.04362529334894361,0.012539165467070582,0.20772885740890368,0.14583333333333334,0.15104166666666666
belief_dynamic,expertise,192,0.0867262822054103,0.038661059473141086,0.019649365209325365,0.2224369123891125,0.13020833333333334,0.13020833333333334
decay_q:0.02,all,576,0.01161247699619311,0.00738780452389021,0.000943525474511063,0.03716913438343661,0.020833333333333332,0.029513888888888888
decay_q:0.02,fairness,192,0.0057447011977943266,0.004497990374036092,0.000943525474511063,0.024021707585458935,0.0,0.026041666666666668
decay_q:0.02,risk,192,0.013527400325867528,0.006595012772842977,0.002078614911416282,0.030745971563534202,0.03125,0.03125
decay_q:0.02,expertise,192,0.015565329464917477,0.006824978611042097,0.003784494205497202,0.03716913438343661,0.03125,0.03125
decay_q:0.05,all,576,0.022080433840771005,0.014050764644955832,0.0015379979724412726,0.06868123007930954,0.036458333333333336,0.03819444444444445
decay_q:0.05,fairness,192,0.010989434854403526,0.008638569231722274,0.0015379979724412726,0.04685831992799136,0.0,0.005208333333333333
decay_q:0.05,risk,192,0.025647442352787857,0.012465726544662959,0.004091832746933963,0.05658316703935845,0.036458333333333336,0.036458333333333336
decay_q:0.05,expertise,192,0.02960442431512163,0.013075501242322332,0.005698828453845062,0.06868123007930954,0.07291666666666667,0.07291666666666667
decay_q:0.1,all,576,0.02794264711000287,0.01807037298502428,0.0017245848832758218,0.08292646496304773,0.043402777777777776,0.046875
decay_q:0.1,fairness,192,0.013906350695291614,0.011023525698929242,0.0017245848832758218,0.06013657544262724,0.0,0.010416666666666666
decay_q:0.1,risk,192,0.032382980290934,0.01598164089694347,0.0040188161688688995,0.07883076128571759,0.041666666666666664,0.041666666666666664
decay_q:0.1,expertise,192,0.03753861034378299,0.017195054447079652,0.004079873931685185,0.08292646496304773,0.08854166666666667,0.08854166666666667
decay_q:0.2,all,576,0.022398575487604398,0.01556877763444712,-0.0035814468469680394,0.075824205144152,0.041666666666666664,0.04513888888888889
decay_q:0.2,fairness,192,0.010935993381673106,0.008999291653324103,-0.000700932740685993,0.04653039884326102,0.0,0.010416666666666666
decay_q:0.2,risk,192,0.02590454683953063,0.013972774204231764,-0.0035814468469680394,0.07300595530239512,0.052083333333333336,0.052083333333333336
decay_q:0.2,expertise,192,0.03035518624160946,0.01566521391013887,-0.0016005605567103176,0.075824205144152,0.07291666666666667,0.07291666666666667
discounted_evidence:0.8,all,576,0.10352371913768915,0.0723054730451982,-0.008836962805707796,0.3510386395269886,0.140625,0.16666666666666666
discounted_evidence:0.8,fairness,192,0.061073258755734994,0.055587866901425885,-0.00438395677045187,0.24308331330290403,0.057291666666666664,0.125
discounted_evidence:0.8,risk,192,0.11655787704192982,0.0691627030295654,-0.008836962805707796,0.3091662242253182,0.171875,0.17708333333333334
discounted_evidence:0.8,expertise,192,0.1329400216154026,0.07080532287304601,0.00597705244963187,0.3510386395269886,0.19270833333333334,0.19791666666666666
discounted_evidence:0.9,all,576,0.08744203709262538,0.056117449801282644,0.0028184862274269057,0.2772674453316238,0.1267361111111111,0.14930555555555555
discounted_evidence:0.9,fairness,192,0.04765777635932298,0.04017616564598606,0.0028184862274269057,0.19204465295938392,0.03125,0.08854166666666667
discounted_evidence:0.9,risk,192,0.09988228290628016,0.05170762653048071,0.005023753970326023,0.2348734666815634,0.171875,0.17708333333333334
discounted_evidence:0.9,expertise,192,0.11478605201227299,0.05190783334493404,0.011820617236372288,0.2772674453316238,0.17708333333333334,0.18229166666666666
discounted_evidence:0.95,all,576,0.051749931731141174,0.03288171942593177,0.003465501937928054,0.17059222745193092,0.07291666666666667,0.08680555555555555
discounted_evidence:0.95,fairness,192,0.02640451350403873,0.0211426059823115,0.003465501937928054,0.10272639073232406,0.005208333333333333,0.046875
discounted_evidence:0.95,risk,192,0.05996874303047393,0.029933377848857395,0.004819199612626647,0.1390848055336516,0.09895833333333333,0.09895833333333333
discounted_evidence:0.95,expertise,192,0.06887653865891089,0.03005685689293313,0.01462577431101586,0.17059222745193092,0.11458333333333333,0.11458333333333333
recent_window:5,all,576,0.16290538555529024,0.16826054057028422,-0.2880523206583282,0.7611132530572946,0.22569444444444445,0.2916666666666667
recent_window:5,fairness,192,0.10723072970382934,0.1361282833482622,-0.09211628700031994,0.603914467420841,0.14583333333333334,0.2604166666666667
recent_window:5,risk,192,0.17988530329213348,0.17290761410730004,-0.22132075651721206,0.6462123314187714,0.20833333333333334,0.2604166666666667
recent_window:5,expertise,192,0.2016001236699079,0.17858467922411997,-0.2880523206583282,0.7611132530572946,0.3229166666666667,0.3541666666666667
recent_window:8,all,576,0.2253097460015628,0.19171470874544194,-0.22151541078192438,0.8041337429547107,0.3090277777777778,0.3680555555555556
recent_window:8,fairness,192,0.14647914193834524,0.15706293021636158,-0.10426879794928678,0.6045635296873513,0.16666666666666666,0.2916666666666667
recent_window:8,risk,192,0.2556840829617361,0.19596820092397615,-0.22151541078192438,0.8041337429547107,0.375,0.40625
recent_window:8,expertise,192,0.2737660131046071,0.1950426099041116,-0.1747178358637882,0.7827351114880032,0.3854166666666667,0.40625
